step,phase,obs,action_scaled,smoothed_joint_pos
0,,,,"[0.0, 0.0, 0.0, 0.0, 0.0, 0.0, 0.0, 0.0, 0.0, 0.0]"
10,,"[-0.22854531 -0.00195613  0.00102774  0.00147613 -0.01049412  0.01163081
 -0.99987733  0.2         0.          0.          0.7227949   0.6910626
 -0.265316   -0.01735687 -0.00133514 -0.6239033   0.2613813   0.29163837
 -0.02155304  0.00934601  0.608263   -0.2867385   0.01318741  0.00439644
 -0.03076935 -0.00439644  0.00223826 -0.00439644 -0.00439644 -0.00439644
 -0.00439644 -0.0020051 ]","[-0.03325048  0.03431392  0.14291637  0.13873915 -0.4181169  -0.07815489
 -0.14357397  0.02913344 -0.09789409  0.6757471 ]","[-0.30919837951660156, 0.037947382777929306, 0.10802914947271347, -0.38023999333381653, -0.2809596061706543, 0.13979996740818024, -0.08205373585224152, 0.041428834199905396, 0.38031578063964844, 0.49832841753959656]"
20,,"[-2.2858199e-01  1.8416715e-04 -1.5558039e-03  1.8425615e-03
 -1.0509116e-02  1.1616707e-02 -9.9987733e-01  2.0000000e-01
  0.0000000e+00  0.0000000e+00  9.9899304e-01 -4.4864830e-02
 -2.6531601e-01 -1.7356873e-02 -1.3351440e-03 -6.2390327e-01
  2.6138130e-01  2.9201984e-01 -2.1553040e-02  9.3460083e-03
  6.0826302e-01 -2.8673851e-01 -4.3964386e-03 -1.3187408e-02
 -3.0769348e-02 -4.3964386e-03  2.2236041e-03  1.3187408e-02
  4.3964386e-03 -4.3964386e-03  4.3964386e-03  4.4400032e-05]","[ 0.02964825 -0.06989252  0.1984012   0.18541265 -0.37036785  0.03328978
 -0.20351394  0.04688631 -0.04455783  0.70027953]","[-0.22988535463809967, -0.08258278667926788, 0.18109546601772308, -0.32294631004333496, -0.23081332445144653, 0.2638814449310303, -0.17027996480464935, 0.051215048879384995, 0.4481952488422394, 0.5626900792121887]"
30,,"[-2.28583753e-01  5.28311124e-04 -1.09414694e-04 -4.79319773e-04
 -1.05189402e-02  1.16062872e-02 -9.99877334e-01  2.00000003e-01
  0.00000000e+00  0.00000000e+00  6.57938719e-01 -7.53071487e-01
 -2.65316010e-01 -1.73568726e-02 -1.33514404e-03 -6.23903275e-01
  2.61381298e-01  2.91638374e-01 -2.15530396e-02  9.34600830e-03
  6.08263016e-01 -2.86738515e-01 -1.31874084e-02 -1.31874084e-02
 -1.31874084e-02  4.39643860e-03  6.65470678e-03 -1.31874084e-02
 -1.31874084e-02 -1.31874084e-02 -1.31874084e-02  2.27145921e-03]","[ 0.05519145 -0.04437693  0.15452774  0.18424572 -0.36719236  0.0487601
 -0.08185935  0.02398062 -0.06036828  0.4639773 ]","[-0.19974322617053986, -0.09318719804286957, 0.16837286949157715, -0.3072098195552826, -0.20725829899311066, 0.3017098605632782, -0.09876774996519089, 0.04727679118514061, 0.44824838638305664, 0.3851727247238159]"
40,,"[-2.2963467e-01 -3.5825178e-01  2.2925074e-01 -1.2681405e-02
 -7.7965599e-04  2.4020463e-02 -9.9971116e-01  2.0000000e-01
  0.0000000e+00  0.0000000e+00 -8.9639306e-02 -9.9597430e-01
 -2.6340866e-01 -1.8119812e-02  5.0545692e-02 -6.0559273e-01
  2.2234154e-01  3.0041218e-01 -3.7194252e-02  1.3542175e-02
  6.0521126e-01 -2.3246598e-01 -3.0769348e-02 -3.9999962e-01
  1.6571426e+00  7.4285698e-01 -6.6838628e-01  2.2417641e-01
 -3.2087898e-01  2.4175835e-01 -2.5054932e-01  1.1552629e+00]","[ 0.20562688  0.08343549 -0.02065661 -0.1299138   0.32177934 -0.01158995
  0.27485487 -0.08853227 -0.0586488   0.17767636]","[-0.0709848403930664, 0.03576896712183952, 0.01380997896194458, -0.5484305620193481, 0.16612482070922852, 0.25013411045074463, 0.2357136458158493, -0.048871371895074844, 0.4459852874279022, 0.07901454716920853]"
50,,"[-0.23241492  0.32212052 -0.16777995 -0.14497928  0.01483606  0.04433538
 -0.9989065   0.2         0.          0.         -0.7818315  -0.6234898
 -0.26188278 -0.04406071  0.12989235 -0.53082275  0.19715628  0.32063007
 -0.06542301  0.01354218  0.55790806 -0.12309884 -0.04835129 -0.08351707
 -0.9802189   0.16263771  0.38312563  0.05714226 -0.03076935 -0.6109886
 -0.30329704 -0.03342276]","[-0.01139401  0.1633409  -0.05435386 -0.16174383  0.25431356  0.02550266
  0.44364032 -0.13043737 -0.24800795  0.21155   ]","[-0.1769692301750183, 0.07166709750890732, -0.0616043396294117, -0.6459725499153137, 0.5067201256752014, 0.2801099717617035, 0.46403050422668457, -0.1383674293756485, 0.3304620385169983, 0.0014629065990447998]"
60,,"[-0.28542018  0.06417635 -0.46413565 -0.83703285 -0.01272735  0.00193855
 -0.99991703  0.2         0.          0.         -0.99094975  0.13423327
 -0.25844955 -0.0246048  -0.01544952 -0.5598154   0.24168235  0.32558918
 -0.03490543 -0.07076359  0.54303074 -0.19262339  0.19780159 -0.10988998
 -1.586813   -0.32087898  0.6818145   0.84835243 -0.00439644 -1.0065937
  1.1120872  -0.41795635]","[-0.04261622  0.25857326  0.00867466 -0.06922874  0.17724937  0.09582406
  0.50270516 -0.07100055 -0.3122531   0.37485176]","[-0.28773221373558044, 0.17183014750480652, -0.005300409160554409, -0.6030504107475281, 0.2811216413974762, 0.30381375551223755, 0.3915584981441498, -0.05713919550180435, 0.2068810909986496, 0.29084765911102295]"
70,,"[-3.5612306e-01 -8.5818551e-02  2.1857244e-01 -3.1420958e-01
 -2.6992254e-02 -3.0358667e-03 -9.9963105e-01  2.0000000e-01
  0.0000000e+00  0.0000000e+00 -5.8778524e-01  8.0901700e-01
 -2.5387192e-01  3.6239624e-03 -2.9182434e-02 -5.7164097e-01
  2.7463290e-01  3.4122944e-01 -9.7274780e-03 -8.2589149e-02
  5.4722691e-01 -1.3969725e-01 -2.8571510e-01  6.2857056e-01
  1.2087917e+00  6.5933228e-02  3.0331044e-05  7.4726105e-02
  1.8901062e-01  5.8461571e-01 -1.0329666e+00  7.2701758e-01]","[-0.02029282  0.23037261  0.09200994 -0.10989965  0.18480094 -0.0505682
  0.3642377  -0.1354148  -0.27935967  0.1637172 ]","[-0.2976117730140686, 0.20413190126419067, 0.08855056017637253, -0.5978072881698608, 0.33227086067199707, 0.20953084528446198, 0.4402318298816681, -0.15909330546855927, 0.21403367817401886, 0.10072584450244904]"
80,,"[-0.35495278 -0.07913075  0.21842235  0.29279402 -0.00234706  0.01304117
 -0.99991214  0.2         0.          0.          0.17855689  0.9839296
 -0.27904892  0.09098148  0.07763004 -0.5697336   0.2801548   0.35954094
 -0.00209808 -0.08907413  0.45719814 -0.07022475 -0.10988998  1.3934059
  1.8153839  -0.00439644  0.09804535  0.19780159  0.2593403   0.06593323
 -0.7692299   0.8450752 ]","[-0.02788351 -0.01182496  0.06722374  0.13462509 -0.42211562 -0.09863185
  0.02941781 -0.00364849 -0.22391272 -0.21653338]","[-0.24208439886569977, 0.03307764232158661, 0.06708090752363205, -0.43797963857650757, -0.14096428453922272, 0.16382358968257904, 0.15294751524925232, 0.006511610466986895, 0.24871021509170532, -0.2998252213001251]"
90,,"[-0.31240708 -0.37983096  0.2934143   0.6918134   0.01836524  0.03810774
 -0.99910486  0.2         0.          0.          0.83457327  0.550897
 -0.26607895  0.15545082  0.10166359 -0.5460825   0.19019973  0.365263
  0.02269745 -0.05626774  0.39082146 -0.07575097  0.39120865 -0.4087906
 -1.384615    0.42637444 -3.0409298  -0.01318741  0.1362629   1.2879124
 -0.18021965 -0.9969751 ]","[-0.10676824 -0.0692442  -0.04666132  0.21865103 -0.39087757 -0.19604075
 -0.07511953  0.07609145 -0.05235561 -0.09632216]","[-0.34748902916908264, -0.1022409051656723, 0.006897643208503723, -0.2522035837173462, -0.25303834676742554, 0.09415753930807114, -0.045605648308992386, 0.10705412179231644, 0.41895759105682373, -0.3324589729309082]"
100,,"[-0.21769623 -0.24259305  0.14153288  1.2399434   0.03763615  0.05543955
 -0.99775267  0.2         0.          0.          0.9749279  -0.22252093
 -0.2729454   0.16613293  0.02040863 -0.4797058   0.0624727   0.34199238
  0.05855656  0.09288883  0.3725109  -0.17895623  0.00439644  0.0747261
 -0.8043957   0.6989002  -0.6510036  -0.18021965  0.10988998  0.62857056
 -0.02197838 -0.9520569 ]","[-0.20124115 -0.03350659 -0.08428732  0.24524814 -0.51261014 -0.21587594
 -0.10466914  0.03505653 -0.08536713  0.02468145]","[-0.46396979689598083, -0.09318707138299942, -0.10733992606401443, -0.2801855504512787, -0.3314794898033142, 0.03552844375371933, -0.07753122597932816, 0.027231449261307716, 0.41870996356010437, -0.14254024624824524]"
110,,"[-0.08028043  0.05589904  0.13821074  1.471984    0.06214674  0.06383692
 -0.9960233   0.2         0.          0.          0.5128993  -0.8584488
 -0.27828598  0.18444347 -0.0391016  -0.42973232  0.02187651  0.32330036
  0.03833866  0.0680933   0.36297417 -0.20853919 -0.19780159  0.3472519
 -1.2879124   0.312088   -0.47723863 -0.29450607 -0.35604477 -0.953846
 -0.3736267   0.5540483 ]","[ 0.05466288  0.07007921 -0.12249606  0.328914   -0.4130303  -0.10604465
  0.12450297  0.3922633  -0.1788958   0.05538873]","[-0.27695363759994507, 0.016043957322835922, -0.08172745257616043, -0.1572016477584839, -0.30559948086738586, 0.11426578462123871, 0.06497670710086823, 0.30018624663352966, 0.3502415418624878, -0.09979049861431122]"
120,,"[ 0.08761848  0.13504359 -0.03190747  1.9316669   0.07032061  0.03810847
 -0.99679625  0.2         0.          0.         -0.26603684 -0.96396285
 -0.271801    0.23975754 -0.09632301 -0.38815117 -0.02460686  0.302701
  0.05626774  0.09441566  0.36182976 -0.12980677  0.4967041   0.7076931
  0.3472519   0.83955956 -0.5742065  -0.5054951   1.1384621   3.1604404
  0.33846092  0.7547483 ]","[ 0.25028327  0.12622231 -0.0362811  -0.21709919  0.5202258  -0.06674112
  0.4359062   0.13590154 -0.3175266   0.09017251]","[-0.016482114791870117, 0.10834765434265137, -0.034048791974782944, -0.669823408126831, 0.5411540865898132, 0.19252827763557434, 0.46178796887397766, 0.1968873143196106, 0.18544802069664001, -0.08048821240663528]"
130,,"[ 0.27901244 -0.21716107 -0.26523384  1.5778067   0.07024414  0.04144207
 -0.9966686   0.2         0.          0.         -0.8805955  -0.47386867
 -0.23708725  0.25387192 -0.04367924 -0.3789959   0.04275202  0.26455307
  0.10166359  0.29964924  0.37975883 -0.14182605  0.5582409  -0.734066
  0.14505577 -1.0065937   2.8361914  -0.21538544 -0.18021965  0.96263695
  0.30329704 -0.34130535]","[ 0.35262817 -0.00829815 -0.08406421 -0.22764748  0.5114124  -0.09210972
 -0.07094112  0.22736803 -0.23397064  0.08817966]","[0.10777468979358673, 0.008909680880606174, -0.13256564736366272, -0.7996100187301636, 0.6988497972488403, 0.19145874679088593, 0.10151702165603638, 0.23676283657550812, 0.21867649257183075, -0.05196412652730942]"
140,,"[ 3.4580520e-01 -2.4730319e-01 -1.8340625e-01 -3.9099628e-01
  5.0777879e-02  6.3183039e-02 -9.9670935e-01  2.0000000e-01
  0.0000000e+00  0.0000000e+00 -9.5105654e-01  3.0901700e-01
 -1.5774059e-01  1.3446999e-01 -7.3052406e-02 -4.7932434e-01
  2.5230148e-01  2.4319077e-01  5.3215981e-02  3.2597065e-01
  3.9349174e-01 -1.6058806e-01  4.5274734e-01 -5.7582474e-01
 -6.3736343e-01 -7.7802277e-01  1.5147519e+00 -2.0659256e-01
 -7.9560471e-01 -2.1978378e-02 -1.7142868e-01 -1.2487868e-03]","[ 0.11979903 -0.09620469  0.13513143  0.11249189  0.3380182  -0.04481025
 -0.02164856  0.0856875  -0.09697621  0.22878376]","[-0.06681259721517563, -0.1213935986161232, 0.11223480105400085, -0.4070006310939789, 0.5323690176010132, 0.15579918026924133, -0.10080432891845703, 0.09816441684961319, 0.3930280804634094, 0.03586317226290703]"
150,,"[ 0.26061407 -0.17048231  0.22150543 -1.0819881   0.04860088  0.0902497
 -0.99473274  0.2         0.          0.         -0.43388373  0.90096885
 -0.11043739  0.05397892 -0.04482365 -0.5174713   0.322472    0.23174667
 -0.03414249  0.23670578  0.3801403  -0.15091573  0.2241764  -0.15384674
  3.6351643   0.5054951   0.6338501   0.2593403  -0.78681374 -2.9494505
 -0.2857151   0.2157702 ]","[ 0.06537123  0.19595534  0.14932929  0.1700727   0.21515515 -0.1579454
  0.10077609  0.01923681 -0.1553559   0.20927678]","[-0.20732787251472473, 0.16250470280647278, 0.1382458657026291, -0.3598365783691406, 0.4344090223312378, 0.0795556902885437, 0.12335648387670517, 0.008217183873057365, 0.34755364060401917, 0.0815969705581665]"
160,,"[ 0.14970803  0.07192875  0.1541109  -1.082883    0.05689927  0.09849419
 -0.99350965  0.2         0.          0.          0.35137483  0.9362349
 -0.09479713  0.05512333  0.17795849 -0.49458313  0.3513055   0.24853134
 -0.10624123  0.05245304  0.35572624 -0.13054688  0.08351707 -0.23296738
  0.25054932 -0.03956032 -0.0249148   0.39999962 -0.56703377 -0.56703377
  0.00439644  0.15991491]","[ 0.05260517  0.18633586  0.2354788   0.20819217 -0.3785709  -0.24611753
  0.19416627 -0.006797   -0.19385181  0.07372643]","[-0.21176688373088837, 0.16448459029197693, 0.22181083261966705, -0.3096189498901367, -0.22475846111774445, -0.006027978844940662, 0.19576433300971985, 0.015226459130644798, 0.31523188948631287, -0.07040220499038696]"
170,,"[ 0.07798594  0.7845927   0.04562332 -0.13028695  0.06148254  0.06791738
 -0.9957948   0.2         0.          0.          0.91952777  0.39302504
 -0.09365177  0.03299809  0.15964794 -0.49076843  0.30203435  0.25730515
 -0.14095497  0.00324249  0.34275532 -0.12366345 -0.03956032  0.4615383
  0.523077    0.15384674 -0.538989   -0.0747261   0.51428604  0.02197838
 -0.11868095  0.0289175 ]","[-0.0542591   0.15767705  0.02048465  0.05781529 -0.3217272  -0.23682232
  0.0889205  -0.09169191 -0.24260265  0.07957231]","[-0.2856583893299103, 0.17225882411003113, 0.052014075219631195, -0.42627567052841187, -0.19935470819473267, 0.005067604593932629, 0.18841546773910522, -0.08343937993049622, 0.26494237780570984, -0.06423389911651611]"
180,,"[ 0.12791674  0.72434866 -0.03306045  0.75096077  0.06505131 -0.0158123
 -0.9977566   0.2         0.          0.          0.91952777 -0.39302504
 -0.0989933   0.10090065  0.15392494 -0.4758911   0.15959646  0.2565422
 -0.06198978  0.00743866  0.34084797 -0.13073912 -0.17142868  0.6197796
 -1.9384613  -0.02197838 -1.5779349   0.01318741  0.8835163  -0.04835129
 -0.01318741 -0.00705951]","[-0.14257897  0.08865174 -0.11233599  0.07128841 -0.29838797 -0.15431383
 -0.01666047 -0.10571088 -0.20484537 -0.01950349]","[-0.3818564713001251, 0.06191544234752655, -0.08296752721071243, -0.4506298005580902, -0.1307128518819809, 0.07023333013057709, 0.03456617519259453, -0.11767404526472092, 0.28301650285720825, -0.16473308205604553]"
190,,"[ 0.17993115  0.06524161  0.03975186  0.14654362  0.06205755 -0.06116586
 -0.9961965   0.2         0.          0.          0.35137483 -0.9362349
 -0.1192112   0.12607765 -0.05817509 -0.49343872  0.06127021  0.25844955
 -0.02155304 -0.01506805  0.34199238 -0.14133681 -0.32087898 -0.312088
 -2.421978   -0.36483574 -0.30884045  0.12747192 -0.08351707 -0.18901062
  0.12747192 -0.10718703]","[ 0.13230154  0.3054728  -0.0401079   0.03299223 -0.2887974  -0.04515185
  0.1878118  -0.04314581 -0.20257227  0.14888304]","[-0.21265794336795807, 0.20346596837043762, -0.1125093549489975, -0.40325769782066345, -0.1850556880235672, 0.1775134950876236, 0.11855937540531158, 0.003053343389183283, 0.3098427355289459, -0.06085697561502457]"
200,,"[ 0.18183027  0.14510916  0.13362387 -0.07475118  0.0691158  -0.06728167
 -0.9953371   0.2         0.          0.         -0.43388373 -0.90096885
 -0.13599586  0.11844826 -0.11768532 -0.50717163  0.0633558   0.26760483
 -0.03719425  0.00629425  0.35305595 -0.14354093 -0.0747261  -0.02197838
  0.26813126  0.15384674 -0.01916043  0.10109901 -0.02197838  0.38241768
  0.05714226 -0.07218339]","[ 0.07653633  0.3258237   0.07698385 -0.23015557  0.31079373 -0.16422814
  0.41682443 -0.3993585  -0.27487716  0.35317528]","[-0.14066864550113678, 0.2939598560333252, 0.08256910741329193, -0.7452315092086792, 0.46975386142730713, 0.10720722377300262, 0.4478035569190979, -0.36705589294433594, 0.2226332724094391, 0.17490872740745544]"
210,,"[ 0.18067315 -0.0567428  -0.03841008 -0.34330302  0.07756887 -0.07416476
 -0.99422455  0.2         0.          0.         -0.95105654 -0.309017
 -0.14400673  0.13027382 -0.00858307 -0.5216675   0.1323227   0.28820515
 -0.05283451 -0.05283451  0.35839653 -0.12641758  0.00439644  0.36483574
  2.6945057  -0.66373634  1.9482206   0.1362629  -0.6109886  -2.2813187
 -0.04835129  0.40270972]","[ 0.03248893  0.3177551   0.11574043 -0.07322787  0.24440761 -0.09048676
  0.39578432 -0.520251   -0.37743178  0.31540284]","[-0.20657958090305328, 0.3020322620868683, 0.10579178482294083, -0.6012076735496521, 0.41972148418426514, 0.15616969764232635, 0.45938295125961304, -0.48643237352371216, 0.15252098441123962, 0.22929036617279053]"
220,,"[ 0.048201   -0.43122834  0.08137602 -2.4127104   0.08779979 -0.0386915
 -0.9953865   0.2         0.          0.         -0.8805955   0.47386867
 -0.13828468  0.1791029   0.17109203 -0.5777445   0.26340547  0.30079365
 -0.14171791 -0.22602463  0.33512592 -0.06546296 -0.09230804  0.1362629
 -0.04835129 -0.03076935  0.6507134   0.00439644 -1.0593414  -2.1054945
 -0.60219765  0.8127152 ]","[ 0.00845599  0.09146375  0.17137302  0.21192634  0.22222112 -0.16321027
  0.1564221   0.07875361 -0.19835824 -0.1033344 ]","[-0.24121586978435516, 0.09819307923316956, 0.13123346865177155, -0.35224416851997375, 0.3725232779979706, 0.10214041918516159, 0.23523546755313873, -0.052796076983213425, 0.24758172035217285, -0.19318027794361115]"
230,,"[-0.20957763 -0.98081714 -0.4697513  -1.8891807   0.07732148  0.05117293
 -0.99569213  0.2         0.          0.         -0.26603684  0.96396285
 -0.15850353  0.15468788  0.12188148 -0.5434122   0.29900268  0.29659748
 -0.24700546 -0.2351799   0.2939272  -0.03617879 -0.03076935 -0.87472534
 -0.15384674  0.8307686   0.140758    0.03076935 -0.7604389   3.081318
  0.06593323 -0.35983917]","[ 0.08655138 -0.04090465 -0.04500037  0.3543024   0.2802123   0.03157636
  0.09179315  0.32474068  0.03278143 -0.22816281]","[-0.1606135368347168, -0.08073436468839645, 0.04438929259777069, -0.16258732974529266, 0.45589786767959595, 0.2472076565027237, 0.10459361970424652, 0.3877888023853302, 0.5224831104278564, -0.35530605912208557]"
240,,"[-2.7798668e-01  5.4055165e-02  5.4224692e-02 -3.8055561e-02
  5.2784268e-02  7.8833200e-02 -9.9548936e-01  2.0000000e-01
  0.0000000e+00  0.0000000e+00  5.1289928e-01  8.5844880e-01
 -1.2874794e-01  1.0471535e-01  5.2453041e-02 -5.0679016e-01
  3.6086845e-01  2.9011250e-01 -1.6079235e-01  3.1757832e-01
  3.2177448e-01 -1.3706957e-01  4.1758156e-01  4.3964386e-03
 -1.3846149e+00  4.5274734e-01 -5.9795540e-02  1.8021965e-01
  2.6329670e+00  7.1868134e+00  9.7142792e-01 -1.6329151e+00]","[ 0.15185845 -0.06748442  0.2715978   0.3362688  -0.31893697 -0.25797638
  0.12357976 -0.0570902  -0.10142152  0.00324933]","[-0.17132863402366638, -0.029979443177580833, 0.10819720476865768, -0.20353290438652039, -0.14280685782432556, 0.03710012137889862, 0.2579013407230377, -0.00991724617779255, 0.4340459108352661, -0.2181757241487503]"
250,,"[-2.9206359e-01  4.4184691e-01 -1.8432885e-01 -4.4533107e-01
  4.8457362e-02  6.3464612e-02 -9.9680710e-01  2.0000000e-01
  0.0000000e+00  0.0000000e+00  9.7492790e-01  2.2252093e-01
 -8.5259438e-02  1.4209938e-01  9.5367432e-04 -4.5796108e-01
  2.8569961e-01  3.1109333e-01 -2.7275085e-02  4.5033169e-01
  4.3316555e-01 -2.0820338e-01  6.0219765e-01  6.8131828e-01
  9.2747307e-01  1.6263771e-01 -1.2376728e+00  2.7692223e-01
 -6.5933228e-02 -4.8835163e+00  4.2637444e-01  2.5212011e-01]","[ 0.03534679 -0.17831472  0.5944748   0.2753442  -0.37403038 -0.07582707
 -0.12334761 -0.14230222 -0.02814925  0.4303386 ]","[-0.1739555448293686, -0.18344104290008545, 0.614464521408081, -0.20821024477481842, -0.23777233064174652, 0.1117795929312706, -0.06577423214912415, -0.10788535326719284, 0.49926286935806274, 0.27587661147117615]"
260,,"[-0.3623705  -0.22919437  0.16729833 -0.780848    0.03725314  0.04626739
 -0.99823415  0.2         0.          0.          0.83457327 -0.550897
 -0.02765656  0.19703197  0.352293   -0.4324026   0.17942077  0.32635212
 -0.06923771 -0.02880096  0.46444607 -0.1298067   0.4351654  -0.10109901
  8.145056    0.33846092 -0.88795155  0.11868095  0.03076935 -4.734066
 -0.312088    0.69576806]","[ 0.08934437 -0.06460688  0.6065762   0.37991142 -0.12454246 -0.04110339
 -0.03652814  0.16229928  0.03020681 -0.08851561]","[-0.17516310513019562, -0.12550508975982666, 0.6251446008682251, -0.14428874850273132, 0.0010927051771432161, 0.23911599814891815, -0.06805223971605301, 0.06853216886520386, 0.5241308808326721, -0.0891428217291832]"
270,,"[-4.2914438e-01  2.6891932e-01  2.3007655e-01 -4.7887579e-01
  6.1132163e-02  6.1286360e-02 -9.9624634e-01  2.0000000e-01
  0.0000000e+00  0.0000000e+00  1.7855689e-01 -9.8392957e-01
 -1.3351440e-03  1.7071056e-01  7.8336048e-01 -3.5992241e-01
  1.5281548e-01  3.4657097e-01 -6.9237709e-02 -9.3270302e-02
  4.3278408e-01 -7.0413910e-02 -2.9450607e-01  1.3626289e-01
 -1.7890110e+00  2.9450607e-01 -1.6468042e-01 -1.3187408e-02
  9.0109825e-01  3.4153843e+00 -3.0769348e-02 -2.9936624e-01]","[ 0.16819884  0.00605059 -0.17194988 -0.02180044  0.19332947 -0.18826592
  0.13704851  0.03286577 -0.07354863 -0.1639495 ]","[-0.08213010430335999, -0.04951358586549759, 0.011514165438711643, -0.35830479860305786, 0.20551954209804535, 0.1326640397310257, 0.033850137144327164, 0.1251356303691864, 0.4966956377029419, -0.3095649480819702]"
280,,"[-5.09406626e-01 -4.73266184e-01 -3.50924432e-01 -1.09139371e+00
  5.44680208e-02  5.79281300e-02 -9.96833801e-01  2.00000003e-01
  0.00000000e+00  0.00000000e+00 -5.87785244e-01 -8.09017003e-01
 -5.72204590e-04  2.03516960e-01  3.48478317e-01 -3.24826241e-01
  1.71631142e-01  3.75181198e-01 -1.20162964e-02  1.11200333e-01
  4.48424339e-01 -1.52224883e-01  2.06592560e-01  4.39643860e-03
 -9.39340687e+00  1.80219650e-01  1.07295930e+00  3.38460922e-01
  1.09889984e-01 -2.59340286e-01  1.19120789e+00 -6.37420952e-01]","[ 0.3037805  -0.11992561 -0.2274272  -0.04724863  0.6587075  -0.06062349
 -0.33091435 -0.10016882  0.01080116  0.02387429]","[0.04130730777978897, -0.16022396087646484, -0.2425099015235901, -0.5882731080055237, 0.8287632465362549, 0.15491235256195068, -0.214619442820549, -0.08906897157430649, 0.4644387662410736, -0.1698494851589203]"
