step,phase,obs,action_raw,action_clipped,action_scaled
0,0.0,"[ 0.0000000e+00  1.0000000e+00 -4.0054321e-03 -2.1982193e-04
  0.0000000e+00]",-1.040181,-1.040181,-0.26004526
10,0.15625,"[ 8.3146960e-01  5.5557024e-01 -4.0054321e-03  2.1982193e-04
 -1.0401810e+00]",-0.909404,-0.909404,-0.227351
20,0.3125,"[ 9.2387950e-01 -3.8268343e-01 -4.0054321e-03 -6.5937045e-04
 -9.0940398e-01]",-0.863094,-0.863094,-0.2157735
30,0.46875,"[ 1.9509032e-01 -9.8078525e-01 -4.0054321e-03 -2.1982193e-04
 -8.6309397e-01]",-0.78120166,-0.78120166,-0.19530042
40,0.625,[-0.70710677 -0.70710677  0.17109203  0.11714287 -0.78120166],-0.61281615,-0.61281615,-0.15320404
50,0.78125,[-0.98078525  0.19509032  0.246624   -0.06263733 -0.61281615],-0.55311227,-0.55311227,-0.13827807
60,0.9375,[-0.38268343  0.9238795   0.1066227  -0.0679121  -0.55311227],-0.5425564,-0.5425564,-0.1356391
70,1.09375,[ 0.55557024  0.8314696   0.09556007  0.0147253  -0.5425564 ],-0.5697307,-0.5697307,-0.14243267
80,1.25,"[ 1.0000000e+00  3.0616170e-16  1.3256264e-01  1.4285755e-02
 -5.6973070e-01]",-0.5670682,-0.5670682,-0.14176705
90,1.40625,[ 0.55557024 -0.8314696   0.13828468 -0.00373631 -0.5670682 ],-0.5098523,-0.5098523,-0.12746307
100,1.5625,"[-3.8268343e-01 -9.2387950e-01  1.3752174e-01  2.1982193e-04
 -5.0985229e-01]",-0.45437914,-0.45437914,-0.113594785
110,1.71875,[-0.98078525 -0.19509032  0.13408852 -0.00285711 -0.45437914],-0.43006796,-0.43006796,-0.10751699
120,1.875,"[-7.0710677e-01  7.0710677e-01  1.3370705e-01 -2.1982193e-04
 -4.3006796e-01]",-0.4155646,-0.4155646,-0.10389115
130,2.03125,"[ 1.9509032e-01  9.8078525e-01  1.3370705e-01  2.1982193e-04
 -4.1556460e-01]",-0.33117747,-0.33117747,-0.08279437
140,2.1875,[ 0.9238795   0.38268343  0.11806679 -0.02395601 -0.33117747],-0.16908698,-0.16908698,-0.042271744
150,2.34375,[ 0.8314696  -0.55557024  0.05130863 -0.04153843 -0.16908698],-0.11917921,-0.11917921,-0.029794803
160,2.5,"[ 6.1232340e-16 -1.0000000e+00  1.1253357e-02  6.5937045e-04
 -1.1917921e-01]",-0.1340874,-0.1340874,-0.03352185
170,2.65625,[-0.8314696  -0.55557024  0.01392365 -0.00109892 -0.1340874 ],-0.13110135,-0.13110135,-0.03277534
180,2.8125,"[-9.2387950e-01  3.8268343e-01  1.3923645e-02 -2.1982193e-04
 -1.3110135e-01]",-0.12413412,-0.12413412,-0.03103353
190,2.96875,"[-1.9509032e-01  9.8078525e-01  1.3923645e-02 -2.1982193e-04
 -1.2413412e-01]",-0.13779688,-0.13779688,-0.03444922
200,3.125,"[ 7.0710677e-01  7.0710677e-01  1.3923645e-02  2.1982193e-04
 -1.3779688e-01]",-0.16758756,-0.16758756,-0.04189689
210,3.28125,"[ 9.8078525e-01 -1.9509032e-01  1.3923645e-02  2.1982193e-04
 -1.6758756e-01]",-0.13935621,-0.13935621,-0.034839053
220,3.4375,"[ 3.8268343e-01 -9.2387950e-01  1.3923645e-02 -2.1982193e-04
 -1.3935621e-01]",-0.07159804,-0.07159804,-0.01789951
230,3.5937500000000004,"[-5.5557024e-01 -8.3146960e-01  1.3542175e-02 -6.5937045e-04
 -7.1598038e-02]",-0.05648446,-0.05648446,-0.014121115
240,3.75,"[-1.0000000e+00 -2.6948419e-15  1.3542175e-02  2.1982193e-04
 -5.6484461e-02]",-0.068647206,-0.068647206,-0.017161801
250,3.90625,"[-5.5557024e-01  8.3146960e-01  1.3542175e-02 -2.1982193e-04
 -6.8647206e-02]",-0.053156935,-0.053156935,-0.013289234
260,4.0625,[ 0.38268343  0.9238795   0.01354218 -0.00109892 -0.05315693],-0.17873995,-0.17873995,-0.044684988
270,4.21875,"[ 9.8078525e-01  1.9509032e-01  1.5449524e-02  2.1982193e-04
 -1.7873995e-01]",-0.4858935,-0.4858935,-0.12147337
280,4.375,[ 0.70710677 -0.70710677  0.0593195   0.04901094 -0.4858935 ],-1.2192124,-1.2192124,-0.3048031
290,4.53125,[-0.19509032 -0.98078525  0.24052048  0.110989   -1.2192124 ],-2.2092083,-2.2092083,-0.55230206
300,4.6875,[-0.9238795  -0.38268343  0.49649048  0.13780223 -2.2092083 ],-2.1995304,-2.1995304,-0.5498826
310,4.84375,[-0.8314696   0.55557024  0.621233   -0.03494501 -2.1995304 ],-2.10816,-2.10816,-0.52704
320,5.0,"[-1.2246468e-15  1.0000000e+00  4.8504639e-01 -6.5714262e-02
 -2.1081600e+00]",-2.165779,-2.165779,-0.5414448
330,5.15625,[ 0.8314696   0.55557024  0.45490932  0.01912089 -2.165779  ],-2.3623214,-2.3623214,-0.59058034
340,5.3125,[ 0.9238795  -0.38268343  0.54303074  0.04593411 -2.3623214 ],-2.2683227,-2.2683227,-0.5670807
350,5.46875,[ 0.19509032 -0.98078525  0.58308506 -0.01120882 -2.2683227 ],-2.4115942,-2.4115942,-0.60289854
360,5.625,[-0.70710677 -0.70710677  0.5487528   0.00241756 -2.4115942 ],-2.6456904,-2.6456904,-0.6614226
370,5.78125,[-0.98078525  0.19509032  0.5777445   0.03142853 -2.6456904 ],-2.4978004,-2.4978004,-0.6244501
380,5.9375,[-0.38268343  0.9238795   0.6235218  -0.01252747 -2.4978004 ],-2.7008927,-2.7008927,-0.6752232
390,6.09375,[ 0.55557024  0.8314696   0.60673714  0.00681314 -2.7008927 ],-2.9772754,-2.9772754,-0.74431884
400,6.25,"[ 1.0000000e+00 -2.4554834e-16  6.5175056e-01  4.6813201e-02
 -2.9772754e+00]",-2.7343366,-2.7343366,-0.68358415
410,6.406249999999999,[ 0.55557024 -0.8314696   0.70820904 -0.01956043 -2.7343366 ],-3.0743215,-3.0743215,-0.7685804
420,6.5625,[-0.38268343 -0.9238795   0.67883587  0.03098898 -3.0743215 ],-3.4292672,-3.4292672,-0.8573168
430,6.71875,[-0.98078525 -0.19509032  0.7764931   0.06395607 -3.4292672 ],-3.7759345,-3.7759345,-0.9439836
440,6.875,[-0.70710677  0.70710677  0.89551353  0.0687912  -3.7759345 ],-2.5268545,-2.5268545,-0.6317136
450,7.03125,[ 0.19509032  0.98078525  0.782979   -0.21736264 -2.5268545 ],-2.36197,-2.36197,-0.5904925
460,7.187500000000001,[ 0.9238795   0.38268343  0.4198141  -0.06527472 -2.36197   ],-2.174143,-2.174143,-0.54353577
470,7.34375,[ 0.8314696  -0.55557024  0.49267578  0.0595604  -2.174143  ],-1.9710152,-1.9710152,-0.4927538
480,7.5,"[ 5.3896838e-15 -1.0000000e+00  5.4112339e-01 -2.7472496e-02
 -1.9710152e+00]",-1.7012051,-1.7012051,-0.42530128
490,7.65625,[-0.8314696  -0.55557024  0.41828823 -0.0789011  -1.7012051 ],-1.3207276,-1.3207276,-0.3301819
500,7.8125,[-0.9238795   0.38268343  0.30918598 -0.03626375 -1.3207276 ],-0.88871384,-0.88871384,-0.22217846
510,7.968750000000001,[-0.19509032  0.98078525  0.23670578 -0.03714285 -0.88871384],-0.40693462,-0.40693462,-0.101733655
520,8.125,[ 0.70710677  0.70710677  0.12531471 -0.07934065 -0.40693462],-0.34015918,-0.34015918,-0.085039794
530,8.28125,"[ 9.8078525e-01 -1.9509032e-01  4.3679237e-02 -2.1982193e-04
 -3.4015918e-01]",0.058858946,0.058858946,0.0147147365
540,8.4375,[ 0.38268343 -0.9238795   0.02727509 -0.03978024  0.05885895],0.55992115,0.55992115,0.13998029
550,8.59375,[-0.55557024 -0.8314696  -0.08869267 -0.08241758  0.55992115],0.99200225,0.99200225,0.24800056
560,8.75,"[-1.0000000e+00 -3.9194887e-15 -2.3479843e-01 -7.3626332e-02
  9.9200225e-01]",1.345492,1.345492,0.336373
570,8.90625,[-0.55557024  0.8314696  -0.3141451  -0.03362637  1.345492  ],1.1513193,1.1513193,0.28782982
580,9.0625,[ 0.38268343  0.9238795  -0.31452656  0.03054943  1.1513193 ],0.6619795,0.6619795,0.16549487
590,9.21875,[ 0.98078525  0.19509032 -0.19855785  0.10791206  0.6619795 ],-0.84732014,-0.84732014,-0.21183003
600,9.375,[ 0.70710677 -0.70710677  0.09212589  0.26000005 -0.84732014],-0.8095075,-0.8095075,-0.20237687
610,9.53125,[-0.19509032 -0.98078525  0.3664074  -0.01384611 -0.8095075 ],-0.8166688,-0.8166688,-0.2041672
620,9.6875,[-0.9238795  -0.38268343  0.18596935 -0.0898901  -0.8166688 ],-0.79592425,-0.79592425,-0.19898106
630,9.84375,[-0.8314696   0.55557024  0.12874794  0.0164835  -0.79592425],-0.7620785,-0.7620785,-0.19051963
640,10.0,"[-2.4492936e-15  1.0000000e+00  1.8940258e-01  2.0879079e-02
 -7.6207852e-01]",-0.7693596,-0.7693596,-0.1923399
650,10.15625,[ 0.8314696   0.55557024  0.18863964 -0.00197802 -0.7693596 ],-0.7981818,-0.7981818,-0.19954544
660,10.3125,"[ 9.2387950e-01 -3.8268343e-01  1.9169140e-01 -2.1982193e-04
 -7.9818177e-01]",-0.79662937,-0.79662937,-0.19915734
670,10.46875,"[ 1.9509032e-01 -9.8078525e-01  1.9169140e-01 -2.1982193e-04
 -7.9662937e-01]",-0.7731673,-0.7731673,-0.19329183
680,10.625,[-0.70710677 -0.70710677  0.1916914  -0.00109892 -0.7731673 ],-0.78500825,-0.78500825,-0.19625206
690,10.78125,"[-9.8078525e-01  1.9509032e-01  1.9169140e-01 -2.1982193e-04
 -7.8500825e-01]",-0.81152487,-0.81152487,-0.20288122
700,10.9375,"[-3.8268343e-01  9.2387950e-01  1.9169140e-01 -2.1982193e-04
 -8.1152487e-01]",-0.93890315,-0.93890315,-0.23472579
710,11.09375,"[ 5.5557024e-01  8.3146960e-01  1.9665051e-01  6.5937045e-04
 -9.3890315e-01]",-1.193873,-1.193873,-0.29846826
720,11.25,"[ 1.0000000e+00  9.7909841e-16  2.2831345e-01  5.5604365e-02
 -1.1938730e+00]",-1.6146421,-1.6146421,-0.40366054
730,11.40625,[ 0.55557024 -0.8314696   0.3614483   0.0797802  -1.6146421 ],-2.489388,-2.489388,-0.622347
740,11.5625,[-0.38268343 -0.9238795   0.5369272   0.13428573 -2.489388  ],-2.680521,-2.680521,-0.67013025
750,11.71875,[-0.98078525 -0.19509032  0.6948576   0.0274725  -2.680521  ],-2.6634607,-2.6634607,-0.6658652
760,11.875,[-0.70710677  0.70710677  0.64831734 -0.04021978 -2.6634607 ],-2.5491388,-2.5491388,-0.6372847
770,12.03125,[ 0.19509032  0.98078525  0.59224033 -0.0147253  -2.5491388 ],-2.5389485,-2.5389485,-0.63473713
780,12.1875,"[ 9.2387950e-01  3.8268343e-01  5.8804417e-01  6.5937045e-04
 -2.5389485e+00]",-2.6710129,-2.6710129,-0.6677532
790,12.34375,[ 0.8314696  -0.55557024  0.5968189   0.00945053 -2.6710129 ],-2.5476434,-2.5476434,-0.63691086
800,12.5,"[-4.9109668e-16 -1.0000000e+00  6.2237740e-01 -4.1758539e-03
 -2.5476434e+00]",-2.5420637,-2.5420637,-0.6355159
810,12.65625,"[-8.3146960e-01 -5.5557024e-01  6.1970711e-01 -2.1982193e-04
 -2.5420637e+00]",-2.6393561,-2.6393561,-0.65983903
820,12.812499999999998,"[-9.2387950e-01  3.8268343e-01  6.2237740e-01 -1.5384675e-03
 -2.6393561e+00]",-2.4644904,-2.4644904,-0.6161226
830,12.96875,[-0.19509032  0.98078525  0.61398506 -0.00901098 -2.4644904 ],-2.6056406,-2.6056406,-0.65141016
840,13.125,"[ 7.0710677e-01  7.0710677e-01  5.8804417e-01  2.1982193e-04
 -2.6056406e+00]",-2.7796314,-2.7796314,-0.69490784
850,13.28125,[ 0.98078525 -0.19509032  0.61284065  0.03054943 -2.7796314 ],-2.4678967,-2.4678967,-0.6169742
860,13.4375,[ 0.38268343 -0.9238795   0.6448841  -0.03978024 -2.4678967 ],-2.5720458,-2.5720458,-0.64301145
870,13.593750000000002,[-0.55557024 -0.8314696   0.5804148  -0.00505495 -2.5720458 ],-2.722673,-2.722673,-0.68066823
880,13.75,"[-1.0000000e+00  1.9612919e-15  6.2085152e-01  3.3186819e-02
 -2.7226729e+00]",-2.860015,-2.860015,-0.7150037
890,13.90625,[-0.55557024  0.8314696   0.6673918   0.01604395 -2.860015  ],-2.1591837,-2.1591837,-0.53979594
900,14.0625,[ 0.38268343  0.9238795   0.6059742  -0.12989011 -2.1591837 ],-2.0443099,-2.0443099,-0.51107746
910,14.21875,[ 0.98078525  0.19509032  0.4224844  -0.03450546 -2.0443099 ],-1.9356648,-1.9356648,-0.4839162
920,14.375000000000002,[ 0.70710677 -0.70710677  0.4377432   0.02439556 -1.9356648 ],-1.773732,-1.773732,-0.443433
930,14.53125,[-0.19509032 -0.98078525  0.44842434 -0.02263737 -1.773732  ],-1.4976677,-1.4976677,-0.37441692
940,14.6875,[-0.9238795  -0.38268343  0.38471794 -0.05560436 -1.4976677 ],-1.1924474,-1.1924474,-0.29811186
950,14.84375,[-0.8314696   0.55557024  0.28706074 -0.05824175 -1.1924474 ],-0.7933223,-0.7933223,-0.19833058
960,15.0,"[-1.07793675e-14  1.00000000e+00  2.06568718e-01 -4.46153656e-02
 -7.93322325e-01]",-0.3206601,-0.3206601,-0.08016503
970,15.156250000000002,[ 0.8314696   0.55557024  0.10433388 -0.08197804 -0.3206601 ],-0.2897782,-0.2897782,-0.07244455
980,15.3125,[ 0.9238795  -0.38268343  0.03147221 -0.0063736  -0.2897782 ],0.10554114,0.10554114,0.026385285
990,15.46875,[ 0.19509032 -0.98078525  0.00934601 -0.03054943  0.10554114],0.5755704,0.5755704,0.1438926
1000,15.625,[-0.70710677 -0.70710677 -0.0883112  -0.07538462  0.5755704 ],0.928838,0.928838,0.2322095
1010,15.78125,[-0.98078525  0.19509032 -0.22526169 -0.05604391  0.928838  ],1.2304639,1.2304639,0.30761597
1020,15.937500000000002,[-0.38268343  0.9238795  -0.28400898 -0.01692305  1.2304639 ],0.8988611,0.8988611,0.22471528
1030,16.09375,[ 0.55557024  0.8314696  -0.25844955  0.05208788  0.8988611 ],0.38644576,0.38644576,0.09661144
1040,16.25,"[ 1.0000000e+00  9.3091725e-15 -1.1425209e-01  8.8131905e-02
  3.8644576e-01]",-0.72431946,-0.72431946,-0.18107986
1050,16.40625,[ 0.55557024 -0.8314696   0.10509682  0.16857147 -0.72431946],-0.68869895,-0.68869895,-0.17217474
1060,16.5625,[-0.38268343 -0.9238795   0.28019333 -0.0156044  -0.68869895],-0.6950426,-0.6950426,-0.17376065
1070,16.71875,[-0.98078525 -0.19509032  0.16384411 -0.04901094 -0.6950426 ],-0.6843212,-0.6843212,-0.1710803
1080,16.875,[-0.70710677  0.70710677  0.12455177  0.01824179 -0.6843212 ],-0.658717,-0.658717,-0.16467924
1090,17.03125,[ 0.19509032  0.98078525  0.15468788  0.01384611 -0.658717  ],-0.668385,-0.668385,-0.16709626
1100,17.1875,"[ 9.2387950e-01  3.8268343e-01  1.5506935e-01 -2.1982193e-04
 -6.6838503e-01]",-0.6999952,-0.6999952,-0.1749988
1110,17.34375,[ 0.8314696  -0.55557024  0.15621376 -0.00109892 -0.6999952 ],-0.6993839,-0.6993839,-0.17484598
1120,17.5,"[ 7.8389774e-15 -1.0000000e+00  1.5583229e-01 -1.0989190e-03
 -6.9938391e-01]",-0.6655389,-0.6655389,-0.16638473
1130,17.65625,"[-8.3146960e-01 -5.5557024e-01  1.5583229e-01 -2.1982193e-04
 -6.6553891e-01]",-0.67815477,-0.67815477,-0.16953869
1140,17.8125,"[-9.2387950e-01  3.8268343e-01  1.5583229e-01  6.5937045e-04
 -6.7815477e-01]",-0.72216856,-0.72216856,-0.18054214
1150,17.96875,"[-1.9509032e-01  9.8078525e-01  1.5621376e-01  6.5937045e-04
 -7.2216856e-01]",-0.89352894,-0.89352894,-0.22338223
1160,18.125,[ 0.70710677  0.70710677  0.17261791  0.02615385 -0.89352894],-1.3187506,-1.3187506,-0.32968765
1170,18.28125,[ 0.98078525 -0.19509032  0.27218246  0.08021975 -1.3187506 ],-2.139743,-2.139743,-0.5349358
1180,18.4375,[ 0.38268343 -0.9238795   0.46063137  0.11450548 -2.139743  ],-3.18853,-3.18853,-0.7971325
1190,18.59375,[-0.55557024 -0.8314696   0.71545696  0.1641758  -3.18853   ],-3.1070569,-3.1070569,-0.7767642
1200,18.75,"[-1.0000000e+00 -6.3687823e-15  8.5240746e-01 -3.8021948e-02
 -3.1070569e+00]",-3.0521512,-3.0521512,-0.7630378
1210,18.90625,[-0.55557024  0.8314696   0.7009611  -0.07054949 -3.0521512 ],-2.898576,-2.898576,-0.724644
1220,19.0625,[ 0.38268343  0.9238795   0.6605253   0.00813189 -2.898576  ],-2.8347645,-2.8347645,-0.7086911
1230,19.21875,"[ 9.8078525e-01  1.9509032e-01  6.5861797e-01  2.1982193e-04
 -2.8347645e+00]",-2.9258735,-2.9258735,-0.7314684
1240,19.375,"[ 7.0710677e-01 -7.0710677e-01  6.6357708e-01  6.5937045e-04
 -2.9258735e+00]",-2.7169564,-2.7169564,-0.6792391
1250,19.53125,"[-1.9509032e-01 -9.8078525e-01  6.5327644e-01 -1.0989190e-03
 -2.7169564e+00]",-2.6444077,-2.6444077,-0.66110194
1260,19.6875,"[-9.2387950e-01 -3.8268343e-01  6.5403938e-01 -2.1982193e-04
 -2.6444077e+00]",-2.6855223,-2.6855223,-0.6713806
1270,19.84375,"[-8.3146960e-01  5.5557024e-01  6.5403938e-01 -6.5937045e-04
 -2.6855223e+00]",-2.4512484,-2.4512484,-0.6128121
1280,20.0,"[-4.8985872e-15  1.0000000e+00  6.3038826e-01 -3.5384655e-02
 -2.4512484e+00]",-2.5540607,-2.5540607,-0.6385152
1290,20.15625,"[ 8.3146960e-01  5.5557024e-01  5.6553745e-01  2.4175644e-03
 -2.5540607e+00]",-2.609623,-2.609623,-0.65240574
1300,20.3125,[ 0.9238795  -0.38268343  0.60139656  0.0248352  -2.609623  ],-2.1220884,-2.1220884,-0.5305221
1310,20.46875,[ 0.19509032 -0.98078525  0.5746927  -0.078022   -2.1220884 ],-2.0003753,-2.0003753,-0.5000938
1320,20.625,[-0.70710677 -0.70710677  0.44079494 -0.03890114 -2.0003753 ],-1.9524343,-1.9524343,-0.48810858
1330,20.78125,[-0.98078525  0.19509032  0.43354702  0.00373631 -1.9524343 ],-1.9317575,-1.9317575,-0.48293936
1340,20.9375,"[-3.8268343e-01  9.2387950e-01  4.5185757e-01 -1.5384675e-03
 -1.9317575e+00]",-1.782385,-1.782385,-0.44559625
1350,21.09375,[ 0.55557024  0.8314696   0.43430996 -0.00725279 -1.782385  ],-1.7188897,-1.7188897,-0.42972243
1360,21.25,"[ 1.0000000e+00  3.4283921e-15  4.1676235e-01 -3.7363053e-03
 -1.7188897e+00]",-1.6942793,-1.6942793,-0.42356983
1370,21.40625,[ 0.55557024 -0.8314696   0.40226555  0.00329666 -1.6942793 ],-1.5664233,-1.5664233,-0.39160582
1380,21.5625,[-0.38268343 -0.9238795   0.40112114 -0.0046154  -1.5664233 ],-1.3282067,-1.3282067,-0.33205166
1390,21.71875,[-0.98078525 -0.19509032  0.35076714 -0.0485714  -1.3282067 ],-1.1216913,-1.1216913,-0.28042284
1400,21.875,[-0.70710677  0.70710677  0.2565422  -0.02923079 -1.1216913 ],-0.756121,-0.756121,-0.18903024
1410,22.03125,[ 0.19509032  0.98078525  0.20466137 -0.0375824  -0.756121  ],-0.30859613,-0.30859613,-0.07714903
1420,22.1875,[ 0.9238795   0.38268343  0.10738564 -0.078022   -0.30859613],-0.3207497,-0.3207497,-0.080187425
1430,22.34375,[ 0.8314696  -0.55557024  0.02994537  0.0046154  -0.3207497 ],0.067145035,0.067145035,0.016786259
1440,22.5,"[ 1.9581968e-15 -1.0000000e+00  1.9645691e-02 -2.7912045e-02
  6.7145035e-02]",0.50580436,0.50580436,0.12645109
1450,22.65625,[-0.8314696  -0.55557024 -0.07457829 -0.09604397  0.50580436],0.7811036,0.7811036,0.1952759
1460,22.8125,[-0.9238795   0.38268343 -0.19474316 -0.04109888  0.7811036 ],0.9791236,0.9791236,0.2447809
1470,22.96875,[-0.19509032  0.98078525 -0.22602463  0.00417585  0.9791236 ],0.52272046,0.52272046,0.13068011
1480,23.125,[ 0.70710677  0.70710677 -0.17452526  0.05384617  0.52272046],0.12743701,0.12743701,0.031859253
1490,23.28125,[ 0.98078525 -0.19509032 -0.03261662  0.07142859  0.12743701],-0.59298074,-0.59298074,-0.14824519
1500,23.4375,[ 0.38268343 -0.9238795   0.10700417  0.121978   -0.59298074],-0.5639576,-0.5639576,-0.1409894
1510,23.59375,[-0.55557024 -0.8314696   0.19512463 -0.02263737 -0.5639576 ],-0.56922597,-0.56922597,-0.14230649
1520,23.75,"[-1.0000000e+00 -4.8800178e-16  1.2951088e-01 -2.3516465e-02
 -5.6922597e-01]",-0.56892914,-0.56892914,-0.14223228
1530,23.90625,[-0.55557024  0.8314696   0.1241703  -0.00153847 -0.56892914],-0.55157036,-0.55157036,-0.13789259
1540,24.0625,"[ 3.82683426e-01  9.23879504e-01  1.21118546e-01 -6.59370446e-04
 -5.51570356e-01]",-0.561944,-0.561944,-0.140486
1550,24.21875,[ 0.98078525  0.19509032  0.12111855 -0.00153847 -0.561944  ],-0.5940826,-0.5940826,-0.14852065
1560,24.375,"[ 7.07106769e-01 -7.07106769e-01  1.21118546e-01  2.19821930e-04
 -5.94082594e-01]",-0.5911627,-0.5911627,-0.14779067
1570,24.53125,"[-1.95090324e-01 -9.80785251e-01  1.21118546e-01 -6.59370446e-04
 -5.91162682e-01]",-0.5428161,-0.5428161,-0.13570403
1580,24.6875,"[-9.23879504e-01 -3.82683426e-01  1.21118546e-01 -6.59370446e-04
 -5.42816103e-01]",-0.5543023,-0.5543023,-0.13857557
1590,24.84375,"[-8.31469595e-01  5.55570245e-01  1.21118546e-01 -6.59370446e-04
 -5.54302275e-01]",-0.6236192,-0.6236192,-0.1559048
1600,25.0,"[ 9.82193359e-16  1.00000000e+00  1.21500015e-01 -2.19821930e-04
 -6.23619199e-01]",-0.8643481,-0.8643481,-0.21608703
1610,25.15625,[ 0.8314696   0.55557024  0.15239906  0.04637365 -0.8643481 ],-1.595582,-1.595582,-0.3988955
1620,25.3125,[ 0.9238795  -0.38268343  0.31834126  0.13076925 -1.595582  ],-2.683962,-2.683962,-0.6709905
1630,25.46875,[ 0.19509032 -0.98078525  0.5956745   0.16373625 -2.683962  ],-3.7546182,-3.7546182,-0.93865454
1640,25.624999999999996,[-0.70710677 -0.70710677  0.8806362   0.16373625 -3.7546182 ],-3.454053,-3.454053,-0.86351323
1650,25.78125,[-0.98078525  0.19509032  0.95502377 -0.07582416 -3.454053  ],-3.3546894,-3.3546894,-0.83867234
1660,25.9375,[-0.38268343  0.9238795   0.74406815 -0.0687912  -3.3546894 ],-3.1620977,-3.1620977,-0.7905244
1670,26.09375,"[ 5.5557024e-01  8.3146960e-01  7.1698284e-01  1.5384675e-03
 -3.1620977e+00]",-3.043532,-3.043532,-0.760883
1680,26.25,"[ 1.0000000e+00 -2.4523884e-15  7.1240520e-01  2.1982193e-04
 -3.0435319e+00]",-3.0954695,-3.0954695,-0.77386737
1690,26.406249999999996,"[ 5.5557024e-01 -8.3146960e-01  7.1278667e-01  2.1982193e-04
 -3.0954695e+00]",-2.8031237,-2.8031237,-0.7007809
1700,26.5625,[-0.38268343 -0.9238795   0.6948576  -0.02967033 -2.8031237 ],-2.6738777,-2.6738777,-0.6684694
1710,26.71875,[-0.98078525 -0.19509032  0.63305855 -0.02175827 -2.6738777 ],-2.652331,-2.652331,-0.6630828
1720,26.875,[-0.70710677  0.70710677  0.62314034  0.01164837 -2.652331  ],-2.3660386,-2.3660386,-0.59150964
1730,27.03125,[ 0.19509032  0.98078525  0.59414864 -0.03406591 -2.3660386 ],-2.410049,-2.410049,-0.60251224
1740,27.187500000000004,[ 0.9238795   0.38268343  0.5460825   0.01208792 -2.410049  ],-2.337486,-2.337486,-0.5843715
1750,27.34375,[ 0.8314696  -0.55557024  0.5498972  -0.00989008 -2.337486  ],-1.6672641,-1.6672641,-0.41681603
1760,27.5,"[-3.92258374e-15 -1.00000000e+00  4.84664917e-01 -1.03956036e-01
 -1.66726410e+00]",-1.3025821,-1.3025821,-0.32564554
1770,27.65625,[-0.8314696  -0.55557024  0.2851534  -0.09032965 -1.3025821 ],-1.0600889,-1.0600889,-0.26502222
1780,27.8125,[-0.9238795   0.38268343  0.22602463  0.00197802 -1.0600889 ],-0.9158017,-0.9158017,-0.22895043
1790,27.968750000000004,[-0.19509032  0.98078525  0.22564316 -0.00285711 -0.9158017 ],-1.4470464,-1.4470464,-0.3617616
1800,28.125,[ 0.70710677  0.70710677  0.27866745  0.07230768 -1.4470464 ],-1.42742,-1.42742,-0.356855
1810,28.28125,[ 0.98078525 -0.19509032  0.3877697   0.01736259 -1.42742   ],-1.4670244,-1.4670244,-0.3667561
1820,28.4375,[ 0.38268343 -0.9238795   0.36488152 -0.00857143 -1.4670244 ],-1.3784107,-1.3784107,-0.34460267
1830,28.59375,[-0.55557024 -0.8314696   0.3328371  -0.00725279 -1.3784107 ],-1.1876358,-1.1876358,-0.29690894
1840,28.750000000000004,"[-1.0000000e+00  5.3927788e-15  3.0613422e-01 -3.2747269e-02
 -1.1876358e+00]",-1.1019362,-1.1019362,-0.27548406
1850,28.90625,[-0.55557024  0.8314696   0.25730515 -0.01296701 -1.1019362 ],-0.8060987,-0.8060987,-0.20152467
1860,29.0625,[ 0.38268343  0.9238795   0.21648693 -0.03142853 -0.8060987 ],-0.4688552,-0.4688552,-0.1172138
1870,29.21875,[ 0.98078525  0.19509032  0.13523293 -0.04989014 -0.4688552 ],-0.50949734,-0.50949734,-0.12737434
1880,29.375,[ 0.70710677 -0.70710677  0.08297062  0.00989008 -0.50949734],-0.20335221,-0.20335221,-0.050838053
1890,29.531250000000004,[-0.19509032 -0.98078525  0.09670448 -0.00417585 -0.20335221],0.032976747,0.032976747,0.008244187
1900,29.6875,[-0.9238795  -0.38268343  0.02994537 -0.06483517  0.03297675],0.22556119,0.22556119,0.056390297
1910,29.84375,[-0.8314696   0.55557024 -0.06504154 -0.0265934   0.22556119],0.27536637,0.27536637,0.06884159
1920,30.0,"[-2.1558735e-14  1.0000000e+00 -7.4578285e-02  3.7363053e-03
  2.7536637e-01]",0.013224319,0.013224319,0.0033060797
1930,30.15625,[ 0.8314696   0.55557024 -0.04711246  0.04109888  0.01322432],-0.09769235,-0.09769235,-0.024423087
1940,30.312500000000004,[ 0.9238795  -0.38268343  0.03986454  0.02307692 -0.09769235],-0.43327445,-0.43327445,-0.10831861
1950,30.46875,[ 0.19509032 -0.98078525  0.07343388  0.02967033 -0.43327445],-0.41400385,-0.41400385,-0.10350096
1960,30.625,[-0.70710677 -0.70710677  0.11043739 -0.00241756 -0.41400385],-0.4201879,-0.4201879,-0.10504697
1970,30.78125,[-0.98078525  0.19509032  0.10204506  0.0054945  -0.4201879 ],-0.43128473,-0.43128473,-0.10782118
1980,30.9375,"[-3.8268343e-01  9.2387950e-01  1.0166359e-01 -2.1982193e-04
 -4.3128473e-01]",-0.42003506,-0.42003506,-0.105008766
1990,31.093750000000004,"[ 5.5557024e-01  8.3146960e-01  1.0166359e-01 -2.1982193e-04
 -4.2003506e-01]",-0.429424,-0.429424,-0.107356
2000,31.25,"[ 1.0000000e+00  2.0088540e-14  1.0166359e-01  2.1982193e-04
 -4.2942399e-01]",-0.4555832,-0.4555832,-0.1138958
2010,31.40625,"[ 5.5557024e-01 -8.3146960e-01  1.0166359e-01 -2.1982193e-04
 -4.5558321e-01]",-0.44285083,-0.44285083,-0.11071271
2020,31.5625,"[-3.8268343e-01 -9.2387950e-01  1.0166359e-01 -2.1982193e-04
 -4.4285083e-01]",-0.36742055,-0.36742055,-0.09185514
2030,31.71875,"[-9.8078525e-01 -1.9509032e-01  1.0166359e-01 -6.5937045e-04
 -3.6742055e-01]",-0.36528087,-0.36528087,-0.09132022
2040,31.875000000000004,"[-7.0710677e-01  7.0710677e-01  1.0166359e-01 -6.5937045e-04
 -3.6528087e-01]",-0.47950137,-0.47950137,-0.11987534
2050,32.03125,"[ 1.9509032e-01  9.8078525e-01  1.0204506e-01 -6.5937045e-04
 -4.7950137e-01]",-0.8946783,-0.8946783,-0.22366957
2060,32.1875,[ 0.9238795   0.38268343  0.14858437  0.06000004 -0.8946783 ],-2.0790498,-2.0790498,-0.51976246
2070,32.34375,[ 0.8314696  -0.55557024  0.3965435   0.2476923  -2.0790498 ],-3.1469216,-3.1469216,-0.7867304
2080,32.5,"[ 1.8618345e-14 -1.0000000e+00  7.7000809e-01  1.8659344e-01
 -3.1469216e+00]",-4.213308,-4.213308,-1.053327
2090,32.65625,[-0.8314696  -0.55557024  0.98363495  0.09912091 -4.213308  ],-3.647647,-3.647647,-0.9119117
2100,32.8125,[-0.9238795   0.38268343  1.0091934  -0.08769226 -3.647647  ],-3.5031323,-3.5031323,-0.8757831
2110,32.96875,[-0.19509032  0.98078525  0.7722969  -0.08725271 -3.5031323 ],-3.2793758,-3.2793758,-0.81984395
2120,33.125,[ 0.70710677  0.70710677  0.75894547  0.01340656 -3.2793758 ],-3.1085594,-3.1085594,-0.77713984
2130,33.28125,[ 0.98078525 -0.19509032  0.75513077 -0.0248352  -3.1085594 ],-3.1327353,-3.1327353,-0.7831838
2140,33.4375,[ 0.38268343 -0.9238795   0.7280464   0.00593405 -3.1327353 ],-2.761991,-2.761991,-0.69049776
2150,33.59375,[-0.55557024 -0.8314696   0.6948576  -0.05736265 -2.761991  ],-2.5683606,-2.5683606,-0.64209014
2160,33.75,"[-1.0000000e+00 -1.7148150e-14  5.9720039e-01 -3.0988980e-02
 -2.5683606e+00]",-2.4848716,-2.4848716,-0.6212179
2170,33.90625,[-0.55557024  0.8314696   0.5746927  -0.0046154  -2.4848716 ],-2.1636605,-2.1636605,-0.54091513
2180,34.0625,[ 0.38268343  0.9238795   0.5460825  -0.02923079 -2.1636605 ],-2.1434543,-2.1434543,-0.5358636
2190,34.21875,[ 0.98078525  0.19509032  0.49191284 -0.00857143 -2.1434543 ],-1.9239025,-1.9239025,-0.48097563
2200,34.375,[ 0.70710677 -0.70710677  0.48924255 -0.01384611 -1.9239025 ],-1.0826019,-1.0826019,-0.27065048
2210,34.53125,[-0.19509032 -0.98078525  0.34924126 -0.14747253 -1.0826019 ],-0.47158206,-0.47158206,-0.117895514
2220,34.6875,[-0.9238795  -0.38268343  0.08106327 -0.11494508 -0.47158206],-0.029791944,-0.029791944,-0.007447986
2230,34.84375,[-0.8314696   0.55557024 -0.00972748 -0.00681314 -0.02979194],0.18769117,0.18769117,0.04692279
2240,35.0,"[-1.5677955e-14  1.0000000e+00 -8.9645386e-03 -2.1982193e-04
  1.8769117e-01]",-1.3783834,-1.3783834,-0.34459585
2250,35.15625,[ 0.8314696   0.55557024  0.16231823  0.27582416 -1.3783834 ],-1.3508663,-1.3508663,-0.33771658
2260,35.3125,[ 0.9238795  -0.38268343  0.48962402  0.01516485 -1.3508663 ],-1.3743587,-1.3743587,-0.34358966
2270,35.46875,[ 0.19509032 -0.98078525  0.33245564 -0.10615387 -1.3743587 ],-1.3074521,-1.3074521,-0.32686302
2280,35.625,[-0.70710677 -0.70710677  0.25730515  0.01296701 -1.3074521 ],-1.1722271,-1.1722271,-0.2930568
2290,35.78125,"[-9.8078525e-01  1.9509032e-01  2.9163837e-01 -2.1982193e-04
 -1.1722271e+00]",-1.1644728,-1.1644728,-0.2911182
2300,35.9375,[-0.38268343  0.9238795   0.27904892  0.00197802 -1.1644728 ],-1.0042913,-1.0042913,-0.25107282
2310,36.09375,[ 0.55557024  0.8314696   0.26836777 -0.0257143  -1.0042913 ],-0.8574489,-0.8574489,-0.21436222
2320,36.25,"[ 1.0000000e+00  1.4207760e-14  2.1686840e-01 -2.9670333e-02
 -8.5744888e-01]",-0.85746086,-0.85746086,-0.21436521
2330,36.40625,[ 0.55557024 -0.8314696   0.18978405  0.01120882 -0.85746086],-0.748096,-0.748096,-0.187024
2340,36.5625,[-0.38268343 -0.9238795   0.18825817 -0.00505495 -0.748096  ],-0.65242654,-0.65242654,-0.16310664
2350,36.71875,"[-9.8078525e-01 -1.9509032e-01  1.8787670e-01 -2.1982193e-04
 -6.5242654e-01]",-0.593876,-0.593876,-0.148469
2360,36.875,[-0.70710677  0.70710677  0.17185497 -0.02219782 -0.593876  ],-0.533225,-0.533225,-0.13330625
2370,37.03125,[ 0.19509032  0.98078525  0.12989235 -0.00989008 -0.533225  ],-0.53265536,-0.53265536,-0.13316384
2380,37.1875,"[ 9.23879504e-01  3.82683426e-01  1.22262955e-01  2.19821930e-04
 -5.32655358e-01]",-0.41565073,-0.41565073,-0.10391268
2390,37.34375,"[ 8.3146960e-01 -5.5557024e-01  1.1730385e-01 -6.5937045e-04
 -4.1565073e-01]",-0.24634065,-0.24634065,-0.06158516
2400,37.5,"[ 1.27375646e-14 -1.00000000e+00  9.89933014e-02 -3.14285271e-02
 -2.46340647e-01]",-0.23835775,-0.23835775,-0.05958944
2410,37.65625,[-0.8314696  -0.55557024  0.04406071 -0.0147253  -0.23835775],-0.2465774,-0.2465774,-0.06164435
2420,37.8125,[-0.9238795   0.38268343  0.05092716 -0.0046154  -0.2465774 ],-0.26876777,-0.26876777,-0.06719194
2430,37.96875,"[-1.9509032e-01  9.8078525e-01  4.9401283e-02  6.5937045e-04
 -2.6876777e-01]",-0.25977138,-0.25977138,-0.064942844
2440,38.125,"[ 7.0710677e-01  7.0710677e-01  4.9401283e-02  2.1982193e-04
 -2.5977138e-01]",-0.26331276,-0.26331276,-0.06582819
2450,38.28125,"[ 9.8078525e-01 -1.9509032e-01  4.9401283e-02 -6.5937045e-04
 -2.6331276e-01]",-0.27614594,-0.27614594,-0.069036484
2460,38.4375,"[ 3.8268343e-01 -9.2387950e-01  4.9401283e-02 -6.5937045e-04
 -2.7614594e-01]",-0.23860562,-0.23860562,-0.059651405
2470,38.59375,[-0.55557024 -0.8314696   0.04940128 -0.00109892 -0.23860562],-0.11389582,-0.11389582,-0.028473955
2480,38.75,"[-1.00000000e+00 -1.12673695e-14  4.67309952e-02  1.53846748e-03
 -1.13895819e-01]",-0.07213827,-0.07213827,-0.018034568
2490,38.90625,"[-5.5557024e-01  8.3146960e-01  4.6349525e-02 -2.1982193e-04
 -7.2138272e-02]",-0.281321,-0.281321,-0.07033025
2500,39.0625,[ 0.38268343  0.9238795   0.05092716  0.00153847 -0.281321  ],-1.2168165,-1.2168165,-0.30420414
2510,39.21875,[ 0.98078525  0.19509032  0.16498852  0.1439561  -1.2168165 ],-2.4862103,-2.4862103,-0.6215526
2520,39.375,[ 0.70710677 -0.70710677  0.54913425  0.20901099 -2.4862103 ],-3.476817,-3.476817,-0.8692042
2530,39.53125,[-0.19509032 -0.98078525  0.8691921   0.11142855 -3.476817  ],-4.505759,-4.505759,-1.1264397
2540,39.6875,[-0.9238795  -0.38268343  1.0172043   0.08637362 -4.505759  ],-3.7104716,-3.7104716,-0.9276179
2550,39.84375,[-0.8314696   0.55557024  1.0412378  -0.13516484 -3.7104716 ],-3.5303988,-3.5303988,-0.8825997
2560,40.0,"[-9.7971744e-15  1.0000000e+00  7.6581192e-01 -9.6923068e-02
 -3.5303988e+00]",-3.2826593,-3.2826593,-0.8206648
2570,40.15625,[ 0.8314696   0.55557024  0.7448311   0.01956043 -3.2826593 ],-3.0644329,-3.0644329,-0.7661082
2580,40.3125,[ 0.9238795  -0.38268343  0.76047134 -0.01384611 -3.0644329 ],-3.0625048,-3.0625048,-0.7656262
2590,40.46875,[ 0.19509032 -0.98078525  0.7185087  -0.01296701 -3.0625048 ],-2.6296616,-2.6296616,-0.6574154
2600,40.625,[-0.70710677 -0.70710677  0.6780729  -0.06659336 -2.6296616 ],-2.3955283,-2.3955283,-0.5988821
2610,40.78125,[-0.98078525  0.19509032  0.55943394 -0.0476923  -2.3955283 ],-2.267971,-2.267971,-0.56699276
2620,40.9375,"[-3.8268343e-01  9.2387950e-01  5.2471924e-01  1.0989190e-03
 -2.2679710e+00]",-1.9307544,-1.9307544,-0.4826886
2630,41.09375,[ 0.55557024  0.8314696   0.49305725 -0.04197798 -1.9307544 ],-1.8584155,-1.8584155,-0.46460387
2640,41.25,"[ 1.0000000e+00  3.6748687e-14  4.2172146e-01 -1.2087918e-02
 -1.8584155e+00]",-1.4996512,-1.4996512,-0.3749128
2650,41.40625,[ 0.55557024 -0.8314696   0.40951443 -0.0468132  -1.4996512 ],-0.5213803,-0.5213803,-0.13034508
2660,41.5625,[-0.38268343 -0.9238795   0.21915817 -0.15582418 -0.5213803 ],0.26754344,0.26754344,0.06688586
2670,41.71875,[-0.98078525 -0.19509032 -0.09365177 -0.1624176   0.26754344],0.80634844,0.80634844,0.20158711
2680,41.875,[-0.70710677  0.70710677 -0.20695019 -0.02087908  0.80634844],0.84546447,0.84546447,0.21136612
2690,42.03125,[ 0.19509032  0.98078525 -0.1993208   0.00197802  0.84546447],-1.3397442,-1.3397442,-0.33493605
2700,42.1875,[ 0.9238795   0.38268343  0.05397892  0.38000003 -1.3397442 ],-1.3009382,-1.3009382,-0.32523456
2710,42.34375,[ 0.8314696  -0.55557024  0.56935215  0.03802195 -1.3009382 ],-1.3046392,-1.3046392,-0.3261598
2720,42.5,"[ 6.8567842e-15 -1.0000000e+00  3.2253742e-01 -1.8747254e-01
 -1.3046392e+00]",-1.24062,-1.24062,-0.310155
2730,42.65625,[-0.8314696  -0.55557024  0.19970226  0.04505491 -1.24062   ],-1.150176,-1.150176,-0.287544
2740,42.8125,[-0.9238795   0.38268343  0.30918598  0.01868134 -1.150176  ],-1.149563,-1.149563,-0.28739074
2750,42.96875,[-0.19509032  0.98078525  0.3015566  -0.02967033 -1.149563  ],-1.0803512,-1.0803512,-0.2700878
2760,43.125,[ 0.70710677  0.70710677  0.25768661 -0.01912089 -1.0803512 ],-0.99705744,-0.99705744,-0.24926436
2770,43.28125,[ 0.98078525 -0.19509032  0.24204636  0.0046154  -0.99705744],-0.9901936,-0.9901936,-0.2475484
2780,43.4375,"[ 3.8268343e-01 -9.2387950e-01  2.4547958e-01 -2.1982193e-04
 -9.9019361e-01]",-0.9369348,-0.9369348,-0.2342337
2790,43.59375,[-0.55557024 -0.8314696   0.24357224 -0.00109892 -0.9369348 ],-0.88421375,-0.88421375,-0.22105344
2800,43.75,"[-1.0000000e+00 -3.3808297e-14  2.4242783e-01 -6.5937045e-04
 -8.8421375e-01]",-0.8637145,-0.8637145,-0.21592863
2810,43.90625,[-0.55557024  0.8314696   0.24242783 -0.00153847 -0.8637145 ],-0.8214856,-0.8214856,-0.2053714
2820,44.0625,[ 0.38268343  0.9238795   0.2389946  -0.00681314 -0.8214856 ],-0.77200466,-0.77200466,-0.19300117
2830,44.21875,[ 0.98078525  0.19509032  0.19130993 -0.03230772 -0.77200466],-0.5840503,-0.5840503,-0.14601257
2840,44.375,[ 0.70710677 -0.70710677  0.14896584 -0.01340656 -0.5840503 ],-0.13827653,-0.13827653,-0.034569133
2850,44.53125,[-0.19509032 -0.98078525  0.07801151 -0.06307688 -0.13827653],-0.14924063,-0.14924063,-0.037310157
2860,44.6875,[-0.9238795  -0.38268343 -0.00591278 -0.00813189 -0.14924063],-0.1586305,-0.1586305,-0.039657626
2870,44.84375,[-0.8314696   0.55557024  0.01773834  0.0156044  -0.1586305 ],-0.19250545,-0.19250545,-0.048126362
2880,45.0,"[-3.9163936e-15  1.0000000e+00  4.3679237e-02  1.3406563e-02
 -1.9250545e-01]",-0.19593701,-0.19593701,-0.048984252
2890,45.15625,[ 0.8314696   0.55557024  0.0478754  -0.00241756 -0.19593701],-0.2044313,-0.2044313,-0.051107824
2900,45.3125,"[ 9.2387950e-01 -3.8268343e-01  4.8256874e-02 -2.1982193e-04
 -2.0443130e-01]",-0.21011096,-0.21011096,-0.05252774
2910,45.46875,"[ 1.9509032e-01 -9.8078525e-01  4.8256874e-02  2.1982193e-04
 -2.1011096e-01]",-0.17162219,-0.17162219,-0.042905547
2920,45.625,[-0.70710677 -0.70710677  0.0478754  -0.00109892 -0.17162219],-0.04302724,-0.04302724,-0.01075681
2930,45.78125,"[-9.8078525e-01  1.9509032e-01  4.3679237e-02  2.1982193e-04
 -4.3027241e-02]",-0.012689374,-0.012689374,-0.0031723436
2940,45.9375,"[-3.8268343e-01  9.2387950e-01  4.3679237e-02  2.1982193e-04
 -1.2689374e-02]",-0.5109259,-0.5109259,-0.12773147
2950,46.09375,[ 0.55557024  0.8314696   0.08258915  0.04813185 -0.5109259 ],-1.635259,-1.635259,-0.40881476
2960,46.25,"[ 1.0000000e+00  3.0867907e-14  2.8362751e-01  1.8879119e-01
 -1.6352590e+00]",-2.8132062,-2.8132062,-0.70330155
2970,46.40625,[ 0.55557024 -0.8314696   0.6635771   0.23274727 -2.8132062 ],-3.7331927,-3.7331927,-0.9332982
2980,46.5625,[-0.38268343 -0.9238795   0.90962887  0.08153849 -3.7331927 ],-4.7002482,-4.7002482,-1.1750621
2990,46.71875,[-0.98078525 -0.19509032  1.051919    0.11054945 -4.7002482 ],-3.7555456,-3.7555456,-0.9388864
3000,46.875,[-0.70710677  0.70710677  1.0820551  -0.1210989  -3.7555456 ],-3.5486665,-3.5486665,-0.8871666
3010,47.03125,[ 0.19509032  0.98078525  0.76047134 -0.09560442 -3.5486665 ],-3.2813969,-3.2813969,-0.8203492
3020,47.1875,[ 0.9238795   0.38268343  0.7291908   0.0274725  -3.2813969 ],-3.030933,-3.030933,-0.7577332
3030,47.34375,[ 0.8314696  -0.55557024  0.76161575 -0.00417585 -3.030933  ],-2.9850957,-2.9850957,-0.74627393
3040,47.5,"[ 9.7600356e-16 -1.0000000e+00  7.1393108e-01 -4.4175815e-02
 -2.9850957e+00]",-2.5060022,-2.5060022,-0.62650055
3050,47.65625,[-0.8314696  -0.55557024  0.63687325 -0.06439562 -2.5060022 ],-2.2289267,-2.2289267,-0.55723166
3060,47.8125,[-0.9238795   0.38268343  0.5140381  -0.04813185 -2.2289267 ],-2.0539668,-2.0539668,-0.5134917
3070,47.96875,"[-1.9509032e-01  9.8078525e-01  4.7589111e-01  1.5384675e-03
 -2.0539668e+00]",-1.7140862,-1.7140862,-0.42852154
3080,48.125,[ 0.70710677  0.70710677  0.45300198 -0.03582421 -1.7140862 ],-1.5778103,-1.5778103,-0.39445257
3090,48.28125,[ 0.98078525 -0.19509032  0.36335564 -0.02439556 -1.5778103 ],-1.0941664,-1.0941664,-0.2735416
3100,48.4375,[ 0.38268343 -0.9238795   0.3088045  -0.05120878 -1.0941664 ],-0.06808246,-0.06808246,-0.017020615
3110,48.59375,[-0.55557024 -0.8314696   0.10013771 -0.17032968 -0.06808246],0.7947555,0.7947555,0.19868888
